<?xml version="1.0" encoding="UTF-8"?>
<!DOCTYPE hibernate-configuration PUBLIC "-//Hibernate/Hibernate Configuration DTD 3.0//EN" "http://www.hibernate.org/dtd/hibernate-configuration-3.0.dtd">
<!--
  ~ Hibernate, Relational Persistence for Idiomatic Java
  ~
  ~ License: GNU Lesser General Public License (LGPL), version 2.1 or later.
  ~ See the lgpl.txt file in the root directory or <http://www.gnu.org/licenses/lgpl-2.1.html>.
  -->
<hibernate-configuration>
  <session-factory>
    <!-- Database connection settings -->
    <property name="connection.driver_class">org.postgresql.Driver</property>
    <property name="connection.url">jdbc:postgresql://localhost:5433/pulse_pds?rewriteBatchedStatements=true</property>
    <!--<property name="connection.url">jdbc:postgresql://localhost:5432/pulse_pds</property>-->
    <property name="connection.username">postgres</property>
    <property name="connection.password">p6ls3d3b14n</property>
    <property name="connection.reWriteBatchedInserts">true</property>
    <!-- JDBC connection pool (use the built-in) -->
    <property name="c3p0.min_size">5</property>
    <property name="c3p0.max_size">20</property>
    <property name="c3p0.timeout">1800</property>
    <property name="c3p0.max_statements">50</property>
    <property name="hibernate.c3p0.idle_test_period">120</property>
    <property name="hibernate.c3p0.timeout">0</property>
    <property name="hibernate.jdbc.batch_size">20</property>
    <property name="hibernate.order_inserts">true</property>
    <!-- SQL dialect -->
    <!--<property name="dialect">org.hibernate.dialect.PostgreSQLDialect</property>-->
    <property name="dialect">org.hibernate.spatial.dialect.postgis.PostgisDialect</property>
    <!-- Enable Hibernate's automatic session context management -->
    <property name="current_session_context_class">thread</property>
    <property name="hibernate.enable_lazy_load_no_trans">true</property>
    <!-- Disable the second-level cache  -->
    <property name="cache.provider_class">org.hibernate.cache.internal.NoCacheProvider</property>
    <property name="hibernate.cache.use_second_level_cache">false</property>
    <!-- Echo all executed SQL to stdout -->
    <property name="show_sql">false</property>
    <!-- Drop and re-create the database schema on startup -->
    <property name="hbm2ddl.auto"/>
    <mapping class="domain.Location"/>
    <mapping class="domain.Sensor"/>
    <mapping class="domain.Parameter2"/>
    <mapping class="domain.Measurementavg"/>
  </session-factory>
</hibernate-configuration>
